Week,LizardID,Date,StartTime,StartTimeNumeric,TestedWith,CodedBy,Time,TestArena,TempStart_1,TempStart_2,AvgWind,MaxWind,AirTemp,GroudTemp,CloudCover,NumStrikes,AlertPosture,Wince,BackedOff,TopHead,NoRxn,TongueFlick,Gaping,Biting,Hissing,ShelterLatency,Flee_Y/N,FleeRating,FleeLatency,EndDistance,FurthestDistance,Defecation,BodyPosStart,NewAGGRating,PrevAGGRating,Notes
2,2,10/6/2015,7:04,0,GPS and Radio,JK,1,1,21,29.9,1.1,2.2,28.2,12,8,8,0,0,2,1,5,10,0,0,0,51,1,0.75,36.6,110,110,0,Head,6,5,
4,2,10/21/2015,11:36,0,GPS and Radio,Jk,2,2,25.6,25.6,1.2,2.6,26.4,22,9.7,3,0,0,2,0,1,9,0,0,0,32,1,0.75,9,110,110,0,Head,4,5,
6,2,11/4/2015,8:05,0,GPS and Radio,DS,3,2,20.9,29.7,1.6,2.2,21.4,20,9,6,2,0,2,3,1,7,0,0,0,40,1,1,20,110,110,0,Head,4,5,
2,13,10/7/2015,9:12,0,GPS and Radio,JK,1,2,14.4,25,1.7,2.5,12.9,10,9.8,2,0,0,2,0,0,13,0,0,0,31,1,1,10,110,110,0,Head,3,2,
4,13,10/22/2015,8:27,0,GPS and Radio,Jk,2,2,13,25.8,1.5,4.1,15.2,16,2,4,0,0,3,0,1,5,0,0,0,26,1,2,15,110,110,0,Head,4,2,
6,13,11/6/2015,7:16,0,GPS and Radio,DS,3,1,19.1,30,0.7,1,17.9,14,10,6,0,0,1,0,4,17,1,0,0,120,1,0.5,49,110,110,0,Head,2,2,model lizard pushes lizard all the way back to the flee line
1,24,9/28/2015,10:31,0,GPS and Radio,JK&DS,1,2,29,29,0.3,0.4,34.6,32,4.6,3,1,0,1,0,1,26,0,0,1,61,1,1,31,110,110,0,Head,4,5,
3,24,10/13/2015,7:26,0,GPS and Radio,Jk,2,1,14.2,25.6,0.9,1.3,14.4,10,0,7,0,1,2,1,3,11,0,0,0,46,1,1,39,110,110,0,Head,6,5,
5,24,10/27/2015,8:30,0,GPS and Radio,Jk,3,1,26.2,26.2,0.4,0.8,22.1,20,0,10,0,0,0,4,7,4,1,0,9,300,0,0,300,20,40,0,Head,8,5,last two model strikes did not actually touch the lizard
1,102,10/1/2015,7:22,0,GPS and Radio,JK&DS,1,1,15.3,27.3,0.7,0.9,15.5,11,0,9,0,0,2,6,1,0,0,0,0,300,0,0,300,50,50,0,Head,5,9,
3,102,10/16/2015,6:30,0,GPS and Radio,Jk,2,1,23.6,33.2,0.6,0.7,21.1,18,7.5,5,0,1,2,3,0,5,0,0,0,23,1,2,17,110,110,0,Head,4,3,
5,102,10/30/2015,6:45,0,GPS and Radio,Jk,3,2,24,34.8,0.4,0.5,29.1,20,10,5,0,0,0,2,3,6,0,0,0,49,1,0.75,23,110,110,0,Head,5,9,model lizard pushes lizard all the way back to the flee line
4,121,10/21/2015,8:53,0,No gear,Jk,2,1,26.3,25,0.9,1.8,20,27,10,2,1,0,1,0,0,0,0,0,0,16,1,3.5,7,110,110,0,Head,3,11,
6,121,11/4/2015,6:27,0,GPS and Radio,DS,3,2,19.2,28.5,0.6,0.9,20.1,16,10,9,3,0,0,5,3,30,1,0,8,175,1,0.5,54,110,110,0,Head,8,5,model lizard pushes lizard all the way back to the flee line
2,877,10/5/2015,10:49,0,GPS and Radio,JK,1,2,30.5,30.5,1.5,2.2,41,35,2,9,0,2,2,0,0,0,4,5,0,58,1,0.75,45,110,110,0,Head,10,11,
4,877,10/21/2015,11:30,0,GPS and Radio,Jk,2,1,19.4,25.2,0.9,2.1,25.3,20,9,6,2,0,1,2,1,10,2,0,0,31,1,0.75,20,110,110,0,Head,7,11,
6,877,11/4/2015,7:35,0,GPS and Radio,DS,3,2,21.7,29.7,1.7,2.1,19.6,16,6,3,1,0,1,1,0,17,1,0,0,60,1,1,32,110,110,0,Head,6,11,model lizard pushes lizard all the way back to the flee line
2,2408,10/7/2015,8:25,0,GPS and Radio,JK,1,2,14.5,27.6,1.1,1.3,13.2,10,9.7,4,0,1,2,0,0,3,2,0,0,22,1,3,19,110,110,0,Head,8,5,
3,2408,10/14/2015,7:08,0,GPS and Radio,Jk,2,2,11.9,26.2,0.6,0.8,14.2,9,0,3,0,0,3,0,0,7,0,0,0,38,1,0.75,13,110,110,0,Head,3,5,
4,2408,10/22/2015,7:53,0,GPS and Radio,Jk,3,2,14.4,25.8,1.6,2.8,16,12,4,3,0,0,3,0,0,6,0,0,0,27,1,1.5,7,110,110,0,Head,3,9,
4,4247,10/21/2015,10:59,0,GPS and Radio,Jk,2,1,23.6,26.4,2.2,2.6,21.8,20,9.2,3,0,1,1,0,1,1,0,0,1,16,1,2.5,9,110,110,0,Head,3,5,
1,4997,9/29/2015,9:09,0,GPS and Radio,JK&DS,1,1,16.2,30.5,0.5,1.2,18,25,4,3,0,0,3,0,0,18,0,0,0,159,1,0.25,35,110,110,0,Head,5,5,
3,4997,10/14/2015,7:30,0,GPS and Radio,Jk,2,1,14.2,30.8,0.6,0.9,17.9,11,0,4,0,0,1,2,1,20,0,0,0,34,1,1,20,110,110,0,Head,6,5,
5,4997,10/28/2015,7:35,0,GPS and Radio,Jk,3,2,19.4,33.9,0.4,0.8,22.2,14,3,2,0,0,1,0,1,10,0,0,0,22,1,1,9,110,110,0,Head,5,5,
5,7618,10/27/2015,8:50,0,GPS and Radio,Jk,3,2,30.2,30.2,0.7,0.8,28.8,28,0,5,4,0,0,0,1,8,3,0,0,187,1,0.5,163,110,110,0,Head,8,11,strikes pushed lizard to flee line
1,9268,9/29/2015,7:59,0,GPS and Radio,JK&DS,1,2,13,26,1.3,1.5,13.3,10,1,4,3,0,2,0,0,0,2,0,0,33,1,4,29,110,110,0,Head,9,5,gaped couple of times when aproched arfterwards
3,9268,10/14/2015,6:28,0,GPS and Radio,Jk,2,2,12,28.3,0.4,0.6,11.6,5,0,6,1,0,4,0,0,8,3,0,0,57,1,0.5,24,110,110,0,Head,9,5,
5,9268,10/28/2015,10:05,0,GPS and Radio,Jk,3,1,26.7,26.7,0.8,1.2,3.6,40,1.1,7,2,0,3,0,0,1,4,1,0,26,1,3,17,110,110,0,Head,10,11,
1,9331,10/1/2015,8:58,0,GPS and Radio,JK&DS,1,2,16.6,30.3,1.1,1.8,24.8,28,0,10,0,0,2,5,3,13,0,0,0,66,1,1,50,110,110,0,Head,5,3,bleeding on top of head; test was re-done because of camera/pen issues; this data is the re-done test
3,9331,10/16/2015,6:37,0,GPS and Radio,Jk,2,2,22.1,28.3,0.3,0.5,22.6,18,7.5,7,0,0,2,0,5,22,0,0,0,76,1,0.5,23,110,110,0,Head,5,5,
5,9331,10/30/2015,7:15,0,GPS and Radio,Jk,3,1,21.8,27.1,0.3,0.3,25.5,23,5,2,0,0,1,1,0,14,0,0,0,25,1,1,12,110,110,0,Head,3,5,
2,9362,10/8/2015,8:47,0,GPS and Radio,JK,1,2,19.3,33.7,0.3,0.4,20.3,20,3.6,5,0,0,4,2,0,7,0,0,0,65.8,1,0.5,21,110,110,0,Head,7,5,
4,9362,10/22/2015,7:01,0,GPS and Radio,Jk,2,1,15.9,26.5,0.8,1.9,13,9,9.9,10,0,0,1,1,8,0,0,0,0,300,0,0,300,30,30,0,Head,5,5,
6,9362,11/6/2015,8:30,0,GPS and Radio,DS,3,2,23.8,31.1,0.8,1.6,18.8,15,10,6,3,0,1,1,2,6,1,0,0,300,1,0.2,223,100,100,0,Head,6,5,model lizard pushes lizard all the way back to the flee line
1,9363,9/30/2015,8:18,0,GPS and Radio,JK&DS,1,1,14.2,26.5,0.5,0.6,16,14,0,4,0,0,1,1,1,6,1,0,0,42,1,1,29,110,110,0,Head,8,5,
3,9363,10/15/2015,8:21,0,GPS and Radio,Jk,2,1,27.1,27.1,0.7,1.7,28.7,25,8.5,10,0,0,1,3,3,2,4,0,0,300,0,0,50,50,60,0,Head,8,5,
5,9363,10/29/2015,9:00,0,GPS and Radio,Jk,3,1,30.4,30.4,0.5,0.7,27.3,24,1.5,5,0,0,1,0,1,7,3,0,0,30,1,0.75,16,110,110,0,Head,9,5,model lizard pushes lizard all the way back to the flee line
1,9367,9/29/2015,9:27,0,GPS and Radio,JK&DS,1,2,19,26,0.7,1.2,15.7,25,3,6,0,1,3,1,2,12,0,0,0,127,1,0.25,45,110,110,0,Head,5,5,
3,9367,10/14/2015,8:14,0,GPS and Radio,Jk,2,2,14.8,33.6,0.5,0.7,28.2,14,0,8,0,0,2,5,1,9,0,0,0,65,1,0.75,44,110,110,0,Head,5,5,
5,9367,10/28/2015,8:12,0,GPS and Radio,Jk,3,2,26.6,26.6,0.4,0.6,30.1,22,4.4,5,0,0,3,2,1,6,0,0,0,63,1,0.5,17,110,110,0,Head,5,5,strikes pushed lizard to flee line
4,9370,10/20/2015,7:16,0,No gear,Jk,2,2,23.7,33.7,0.3,0.4,24.2,20,9.9,8,0,0,1,7,0,17,0,0,9,46,1,2,39,110,110,0,Head,8,9,
6,9370,11/3/2015,8:37,0,GPS and Radio,DS,3,1,17.9,27.3,0.4,0.6,18.2,15,10,4,0,0,1,2,1,15,0,0,0,33,1,2,17,110,110,0,Head,4,5,
1,9519,9/29/2015,10:39,0,GPS and Radio,JK&DS,1,2,34.3,34.3,0.5,1.3,21.9,22,2,5,4,0,3,1,0,8,0,0,4,190,1,0.25,39,110,110,0,Head,8,5,hissed at end
3,9519,10/14/2015,8:44,0,GPS and Radio,Jk,2,2,19.7,28.5,0.7,1,31.1,22,0,3,0,0,3,0,0,8,0,0,1,37,1,1,19,110,110,0,Head,8,9,
5,9519,10/28/2015,8:44,0,GPS and Radio,Jk,3,2,28.7,28.7,0.4,0.4,28.6,32,4.5,4,0,1,1,2,0,3,0,0,1,25,1,0.75,11,110,110,0,Head,9,1,
1,10029,9/28/2015,11:54,0,GPS and Radio,JK&DS,1,1,28.7,28.7,0.6,0.9,29.3,26,6.8,10,0,0,0,6,3,13,0,0,0,300,1,0.25,227,70,70,0,Head,5,2,
3,10029,10/13/2015,9.24,9,GPS and Radio,Jk,2,1,10.6,26.2,1.4,2.6,19.7,24,0.5,7,0,0,1,5,1,3,0,0,0,55,1,0.5,31,110,110,0,Head,6,5,
5,10029,10/27/2015,7:26,0,GPS and Radio,Jk,3,2,16.5,27.2,1.6,2.8,13.2,10,0,10,0,0,0,4,7,12,0,0,0,300,0,0,300,-10,30,0,Head,6,5,
2,10167,10/8/2015,9:15,0,GPS and Radio,JK,1,1,22.6,33,0.6,1,27.9,28,2.5,6,0,2,3,2,1,12,0,0,0,46.4,1,0.75,34,110,110,0,Head,6,9,
1,10557,9/28/2015,11:08,0,GPS and Radio,JK&DS,1,1,21.7,26,2,3.9,25.6,27,7,3,0,1,1,3,0,17,0,0,0,56,1,1,29,110,110,0,Head,5,9,
3,10557,10/13/2015,6:41,0,GPS and Radio,Jk,2,1,12,26.9,0.7,0.8,10.9,7,0,10,0,0,0,0,10,11,0,0,0,300,0,0,300,-30,-30,0,Head,5,5,
5,10557,10/28/2015,9:16,0,GPS and Radio,Jk,3,1,21.2,28.1,0.4,1,28.4,25,4,10,0,0,1,4,4,55,1,0,0,129,1,1,122,110,110,0,Head,6,5,
1,11197,9/28/2015,12:08,1,GPS and Radio,JK&DS,1,2,29.4,29.4,0.7,0.8,33.5,29,5.8,3,2,3,3,0,0,16,0,0,0,68,1,0.5,31,110,110,0,Head,1,3,
3,11197,10/13/2015,8:18,0,GPS and Radio,Jk,2,1,10.5,28.2,0.3,0.4,16.6,15,0,2,0,1,2,0,0,16,0,0,0,68,1,0.5,9,110,110,0,Head,2,9,
5,11197,10/27/2015,9:31,0,GPS and Radio,Jk,3,2,29.3,29.3,0.4,1.7,24.8,30,0,3,1,0,3,0,0,3,0,0,0,40,1,0.5,13,110,110,0,Head,4,5,
1,11849,9/29/2015,9:58,0,GPS and Radio,JK&DS,1,1,20.9,29.2,0.8,1.5,17.1,29,7,4,0,1,1,2,0,1,0,0,0,35,1,3,23,110,110,0,Head,2,2,
3,11849,10/14/2015,9:38,0,GPS and Radio,Jk,2,1,20,26.6,0.6,1,24.1,30,0,4,0,1,1,2,1,0,0,0,0,17,1,4,13,110,110,0,Head,2,1,
5,11849,10/28/2015,7:30,0,GPS and Radio,Jk,3,1,19.1,27.1,0.3,0.4,20.6,14,2.5,4,0,1,1,3,0,4,0,0,0,18,1,4,14,110,110,0,Head,4,5,
1,11885,9/30/2015,8:28,0,GPS and Radio,JK&DS,1,2,14.7,29.1,0.4,0.6,18.4,20,0,4,0,0,2,3,0,15,0,0,1,42,1,0.75,26,110,110,0,Head,5,5,
3,11885,10/15/2015,6:36,0,GPS and Radio,Jk,2,1,19.8,32,1.6,3.1,32.9,19,5.8,3,0,0,2,0,0,1,3,0,0,21,1,5,20,110,110,0,Head,9,5,
5,11885,10/29/2015,7:21,0,GPS and Radio,Jk,3,2,21.3,28.9,0.9,1.9,24.4,18,2.5,3,0,0,1,0,0,9,2,0,0,20,1,3,7,110,110,0,Head,8,11,
2,11902,10/5/2015,9:26,0,GPS and Radio,JK,1,2,33.9,33.9,0.9,1.6,35.9,38,2,4,0,1,2,0,0,13,2,0,0,43.6,1,1,35.2,110,110,0,Head,8,3,
4,11902,10/20/2015,7:09,0,GPS and Radio,Jk,2,1,22.5,33.8,0.5,0.6,23.6,19,9.9,4,1,1,2,0,0,3,1,0,0,24,1,2.5,18,110,110,0,Head,7,5,
6,11902,11/3/2015,8:17,0,GPS and Radio,DS,3,2,19.4,31.3,1,2.1,16.8,13,10,6,3,0,2,0,1,7,1,0,0,45,1,1,19,110,110,0,Body,7,5,
1,12138,9/25/2015,11:05,0,GPS and Radio,JK&DS,1,1,30.4,30.4,0.6,1.1,25.2,21,2,10,4,0,0,2,0,40,7,0,0,300,0,0,91,-30,40,0,Head,9,5,
2,12138,10/5/2015,8:01,0,GPS and Radio,JK,2,2,27.2,27.2,0.4,0.7,27.5,23,2.9,7,0,0,0,4,1,1,1,0,0,300,0,0,81,100,100,0,Head,8,3,
4,12138,10/20/2015,7:48,0,GPS and Radio,Jk,3,2,24.3,31.7,0.8,1.1,26,21,9.7,8,0,0,1,4,2,9,1,0,1,44,1,0.75,29,110,110,0,Head,8,5,
2,12268,10/6/2015,7:57,0,GPS and Radio,JK,1,1,27.2,27.2,3.3,7.1,30,25,3,5,3,0,3,0,0,0,1,0,0,23,1,4,20,110,110,0,Head,7,5,
4,12268,10/21/2015,9:00,0,GPS and Radio,Jk,2,2,19,28,0.8,1.1,21.3,18,10,5,1,0,2,0,1,1,1,0,0,28,1,4,21,110,110,0,Head,7,9,
6,12268,11/4/2015,6:55,0,GPS and Radio,DS,3,1,20.2,27.3,0.7,0.9,19.8,16,9,4,2,0,2,2,0,6,1,0,0,46,1,2,27,110,110,0,Head,6,3,model lizard pushes lizard all the way back to the flee line
1,12434,9/30/2015,9:27,0,GPS and Radio,JK&DS,1,1,18.1,29.8,0.4,0.5,21.4,30,2,6,0,0,2,0,4,17,0,0,0,120,1,0.5,49,110,110,0,Head,4,5,
3,12434,10/15/2015,6:44,0,GPS and Radio,Jk,2,2,21.1,30.1,0.6,1,23.8,19,6,5,0,0,2,0,1,6,2,0,0,224,1,0.25,21,110,110,0,Head,8,5,
5,12434,10/29/2015,8:39,0,GPS and Radio,Jk,3,2,18.5,31.4,0.5,1.4,25.2,30,2,10,0,0,0,0,1,8,7,2,0,300,0,0,300,30,30,0,Head,10,5,
1,12723,9/29/2015,10:31,0,GPS and Radio,JK&DS,1,1,28.9,28.9,1.4,2,17.7,25,1.5,3,0,2,3,0,0,14,0,0,0,137,1,3.75,35,110,110,0,Head,3,5,
3,12723,10/14/2015,9:08,0,GPS and Radio,Jk,2,1,30.4,30.4,1.3,2.2,25,29,0,2,1,0,2,0,0,1,0,0,0,37,1,2,10,110,110,0,Head,2,5,
2,12772,10/5/2015,8:34,0,GPS and Radio,JK,1,1,31,31,0.5,0.9,29.5,35,2.5,3,2,0,3,0,0,5,0,0,0,23,1,4,21,110,110,0,Head,4,5,
3,12772,10/16/2015,7:30,0,GPS and Radio,Jk,2,1,24.1,25.2,0.4,0.6,26.3,22,9,3,2,0,3,0,0,0,0,0,0,13,1,3,9,110,110,0,Head,2,5,
5,12772,10/30/2015,7:20,0,GPS and Radio,Jk,3,2,21.2,29.9,0.3,0.4,27.9,25,5,2,0,0,2,1,0,2,0,0,0,10,1,1.5,5,110,110,0,Head,2,9,
1,12847,10/1/2015,7:59,0,GPS and Radio,JK&DS,1,1,16.2,27.4,0.9,1.4,18.6,13,0,9,0,0,0,5,4,25,0,0,0,300,1,0.5,255,100,100,0,Head,5,5,
3,12847,10/16/2015,7:07,0,GPS and Radio,Jk,2,2,23.3,31.3,0.3,0.4,25,20,8,4,0,0,2,1,1,12,0,0,0,55,1,0.5,15,110,110,0,Head,5,5,
5,12847,10/30/2015,6:36,0,GPS and Radio,Jk,3,1,25.2,25.2,0.5,0.6,25.7,21,2.5,4,0,0,2,2,1,9,0,0,0,300,0,0,300,-30,40,0,Head,3,5,model lizard pushes lizard all the way back to the flee line
2,12879,10/5/2015,8:46,0,No gear,JK,1,2,31.1,31.1,0.8,1.3,32.6,31,2.5,4,0,1,2,0,2,4,0,0,0,120.6,1,0.5,95.4,110,110,0,Head,5,5,
4,12879,10/20/2015,7:41,0,GPS and Radio,Jk,2,1,23.7,35.6,0.6,1.5,25.4,21,10,2,0,0,2,0,0,0,0,0,0,11,1,4.5,9,110,110,0,Head,2,5,
6,12879,11/3/2015,10:16,0,GPS and Radio,DS,3,2,29.8,29.8,1.6,2.7,25.5,27,5.8,2,0,0,2,0,0,1,0,0,0,39,1,1,9,110,110,0,Body,2,5,
4,12893,10/21/2015,9:29,0,GPS and Radio,Jk,2,1,18,31.5,0.5,0.8,22.7,19,10,4,1,2,2,1,0,5,0,0,0,24,1,2.5,16,110,110,0,Side,4,2,
6,12893,11/3/2015,9:51,0,GPS and Radio,DS,3,2,22.7,30.4,1.2,1.8,27.5,25,9.7,7,0,0,2,3,1,10,2,0,0,67,1,1,35,110,110,0,Body,6,5,model lizard pushes lizard all the way back to the flee line
4,14111,10/22/2015,7:17,0,GPS and Radio,Jk,2,2,15.9,26.6,1.9,2.8,13,10,9.9,3,1,0,3,0,0,4,0,0,0,10,1,4,8,110,110,0,Head,4,11,
1,17028,9/28/2015,10:24,0,GPS and Radio,JK&DS,1,1,31.3,31.3,2.4,3.3,28.9,33,4,2,1,1,2,0,0,3,0,0,0,38,1,5,16,110,110,0,Head,1,5,
3,17028,10/13/2015,5:59,0,GPS and Radio,Jk,2,1,12.4,28.6,0.3,0.5,8.1,4,0,10,0,0,8,0,3,0,0,0,0,300,0,0,300,0,-30,0,Head,5,5,
5,17028,10/27/2015,10:08,0,GPS and Radio,Jk,3,2,21.9,29.8,0,0,30.6,33,0.1,2,1,0,2,1,0,3,0,0,0,26,1,3,10,110,110,0,Head,3,5,
2,19200,10/7/2015,8:50,0,GPS and Radio,JK,1,1,14.7,32.1,1.7,2.1,13,10,9.6,10,0,2,5,3,0,16,2,0,0,109,1,0.75,71,110,110,0,Head,7,5,
4,19200,10/22/2015,8:45,0,GPS and Radio,Jk,2,1,14.6,29.1,1.2,3.3,18.7,20,0.5,3,0,0,2,0,0,7,1,0,0,34,1,0.75,11,110,110,0,Head,7,5,
6,19200,11/6/2015,7:48,0,GPS and Radio,DS,3,1,21,35.4,0.4,0.4,18,15,10,3,3,0,2,0,0,9,3,0,0,44,1,0.5,28,110,110,0,Head,9,5,model lizard pushes lizard all the way back to the flee line
2,20480,10/8/2015,8:37,0,GPS and Radio,JK,1,1,18.2,31.9,0.5,0.7,19.4,20,3.6,5,0,3,1,3,0,0,0,0,1,31,1,1.5,26,110,110,1,Head,6,9,
4,20480,10/22/2015,8:13,0,GPS and Radio,Jk,2,1,15.1,25.6,1.5,2,15,14,5,4,0,1,2,1,1,5,0,0,0,14,1,3,11,110,110,0,Head,4,9,
6,20480,11/6/2015,7:20,0,GPS and Radio,DS,3,2,19.5,25,1.3,1.9,17.4,14,10,2,0,0,1,2,0,3,0,0,0,28,1,2,10,110,110,0,Head,6,5,
4,40014,10/20/2015,6:40,0,No gear,Jk,2,2,24.3,28.9,0.3,0.4,22.8,18,9.8,3,0,0,3,1,0,2,0,0,0,16,1,2.5,10,110,110,0,Head,3,5,
6,40014,11/3/2015,9:39,0,GPS and Radio,DS,3,1,22.1,34.3,0.9,1.6,22.2,22,9.8,4,1,0,2,2,0,6,0,0,0,38,1,1,15,110,110,0,Head,4,5,
1,40019,9/30/2015,10:05,0,GPS and Radio,JK&DS,1,1,24.3,31.1,1.2,2.2,20.1,29,8,2,0,0,2,0,0,6,0,0,0,22,1,1,9,110,110,0,Head,5,9,
3,40019,10/15/2015,7:54,0,GPS and Radio,Jk,2,2,26,26,1.9,5.2,28.4,24,8,3,0,0,3,0,0,1,0,0,0,16,1,1.5,11,110,110,0,Head,9,3,
5,40019,10/29/2015,9:27,0,GPS and Radio,Jk,3,1,29.2,29.2,0.7,1.5,26.9,25,10,3,0,0,1,0,2,8,0,0,0,32,1,0.5,15,110,110,0,Head,3,5,
1,40044,9/28/2015,9:52,0,GPS and Radio,JK&DS,1,2,28,28,0.7,1.3,27.5,27,5,7,1,1,0,4,1,27,0,0,0,73,1,0.6,30,110,110,0,Head,2,,
3,40044,10/13/2015,8:00,0,GPS and Radio,Jk,2,2,26.7,21.6,0.4,0.5,17.9,11,0,10,0,0,0,4,6,11,0,0,0,44,1,1,37,110,110,0,Head,5,5,
5,40044,10/27/2015,8:01,0,GPS and Radio,Jk,3,1,11,35.5,1.1,1.7,16.3,15,0,3,1,0,1,2,0,28,0,0,0,67,1,0.5,22,110,110,0,Head,5,3,strikes pushed lizard to flee line
1,40047,9/25/2015,10:21,0,GPS and Radio,JK&DS,1,1,25.8,25.8,1,2,25.6,27,0,5,0,0,1,2,2,41,0,0,0,126,1,1,46,110,110,0,Head,2,5,
2,40047,10/5/2015,10:56,0,GPS and Radio,JK,2,1,25.7,25.7,1.2,2.3,42.8,37,2,1,0,0,1,0,0,5,0,0,0,19,1,2.5,5,110,110,0,Head,5,5,
4,40047,10/20/2015,6:28,0,GPS and Radio,Jk,3,1,23.9,28.3,0.3,0.4,20.4,18,9.8,10,0,2,3,1,4,36,0,0,0,96,1,1,91,110,110,0,Head,6,5,
2,40077,10/6/2015,8:22,0,GPS and Radio,JK,1,1,33,33,3.3,9.1,33,31,10,2,0,2,2,0,0,5,0,0,0,20,1,0.75,13,110,110,0,Head,6,5,
4,40077,10/21/2015,8:06,0,GPS and Radio,Jk,2,2,19.1,25,1.2,1.9,19.6,16,10,4,0,1,3,0,0,1,0,0,0,33,1,0.75,8,110,110,0,Head,5,9,
6,40077,11/4/2015,8:00,0,GPS and Radio,DS,3,1,21.4,35.3,0.7,1.1,22,18,8,3,2,0,3,1,0,8,0,0,0,37,1,1,14,110,110,0,Head,2,5,
1,40104,9/28/2015,11:16,0,GPS and Radio,JK&DS,1,2,30.4,30.4,1,1.6,27.3,27,7,10,1,1,4,0,5,30,1,0,0,108,1,0.75,60,110,110,0,Head,7,5,
3,40104,10/13/2015,8:51,0,GPS and Radio,Jk,2,1,17.5,25.6,0.8,1.3,18.3,23,0,4,1,1,2,0,0,7,0,0,0,67,1,1,17,110,110,0,Head,2,5,
5,40104,10/27/2015,8:07,0,GPS and Radio,Jk,3,2,12.2,33.8,0.3,0.6,21.8,15,0,6,2,0,2,4,1,8,0,0,0,104,1,0.5,23,110,110,0,Head,5,5,
1,40174,9/28/2015,12:45,1,GPS and Radio,JK&DS,1,1,21,27.3,2.2,3.1,25,28,7.5,4,1,2,3,0,1,11,0,0,0,41,1,3,23,110,110,0,Head,1,5,
3,40174,10/13/2015,8:41,0,GPS and Radio,Jk,2,2,10.7,26.5,0.5,0.6,18.5,18,0,8,2,1,2,0,3,17,0,0,0,129,1,0.25,40,110,110,0,Head,6,5,
5,40174,10/27/2015,9:22,0,GPS and Radio,Jk,3,1,38.7,38.7,0.3,0.5,36.1,30,0,3,2,1,1,1,0,1,0,0,0,17,1,4.5,14,110,110,0,Head,3,5,
1,40722,9/28/2015,9:18,0,GPS and Radio,JK&DS,1,1,28.9,28.9,1,1.6,24.6,28,5,2,0,1,1,0,0,18,0,0,0,49,1,2,33,110,110,0,Head,2,5,
3,40722,10/13/2015,6:32,0,GPS and Radio,Jk,2,2,11.6,25.5,0.6,1.2,9.9,5,0,3,0,1,1,0,1,16,0,0,0,39,1,0.75,24,110,110,0,Head,3,5,
5,40722,10/27/2015,10:00,0,GPS and Radio,Jk,3,1,22.6,25.3,0.5,0.9,25.9,31,0.1,2,1,1,2,2,0,11,0,0,0,50,1,0.5,9,110,110,0,Head,4,2,
1,40743,9/25/2015,10:35,0,GPS and Radio,JK&DS,1,2,21.4,26.6,0.6,1.3,25.7,21,0,3,0,0,1,0,2,11,0,0,0,46,1,1,23,110,110,0,Head,2,5,
2,40743,10/5/2015,9:17,0,GPS and Radio,JK,2,1,27.1,27.1,0.3,0.6,34.9,41.1,2.4,4,0,0,2,2,0,36,0,0,0,109.4,1,0.5,26,110,110,0,Head,6,5,
4,40743,10/21/2015,9:58,0,GPS and Radio,Jk,3,1,23.1,27.6,1,1.4,20.3,18,10,10,0,0,0,6,4,12,0,0,0,41,1,1,26,110,110,0,Head,5,5,
1,40745,9/29/2015,7:44,0,GPS and Radio,JK&DS,1,1,15.4,26.3,0.6,1.2,15.5,8,1,3,0,3,2,1,0,5,0,0,0,69,1,0.8,37,110,110,0,Head,2,5,
3,40745,10/14/2015,7:00,0,GPS and Radio,Jk,2,1,7.9,29.7,0.4,0.8,13.8,10,0,3,0,1,2,1,0,5,0,0,0,21,1,1,12,110,110,0,Head,4,9,
5,40745,10/28/2015,8:35,0,GPS and Radio,Jk,3,1,37,37,0.4,0.9,31,30,4.5,3,0,0,2,1,0,4,0,0,0,23,1,0.75,8,110,110,0,Head,4,9,
1,40772,9/28/2015,13:17,1,GPS and Radio,JK&DS,1,1,32.2,32.2,0.6,0.9,33.7,28,6.8,10,4,0,2,2,1,3,7,0,2,300,0,0,300,50,50,0,Head,10,5,attempted to bit when took final temp
3,40772,10/13/2015,9:17,0,GPS and Radio,Jk,2,2,13.6,28.6,1.9,3.4,19.2,24,0.5,4,0,0,3,2,0,6,0,0,0,33,1,1,14,110,110,0,Head,7,2,
5,40772,10/27/2015,7:15,0,GPS and Radio,Jk,3,1,15.8,25.2,1.3,2.4,13,10,0,3,1,1,1,1,0,3,1,0,0,35,1,1,17,110,110,0,Head,7,5,
3,41002,10/13/2015,7:20,0,No gear,Jk,2,2,9.5,26.7,1.1,2.4,13.3,8,0,2,0,0,2,0,0,2,0,0,0,63,1,0.5,11,110,110,0,Head,3,5,
5,41002,10/28/2015,9:27,0,GPS and Radio,Jk,3,2,22,28.4,1.1,1.5,27.4,27,3.8,3,0,1,2,0,0,13,0,0,0,75,1,0.5,8,110,110,0,Head,3,5,
1,41021,9/29/2015,8:38,0,GPS and Radio,JK&DS,1,2,15,27.3,0.6,1.3,19.6,18,1,5,0,1,3,2,1,22,0,0,0,75,1,0.5,31,110,110,0,Head,7,5,
3,41021,10/14/2015,8:03,0,GPS and Radio,Jk,2,1,14.6,26.5,.,1.7,18.8,14,0,3,0,2,3,0,0,23,0,0,0,67,1,0.75,15,110,110,0,Head,5,3,
5,41021,10/28/2015,8:00,0,GPS and Radio,Jk,3,1,20.5,30.1,0.5,0.5,23.5,21,4,10,0,0,3,3,4,65,0,0,0,252,1,0.75,236,110,110,0,Head,5,5,
2,41040,10/7/2015,7:41,0,GPS and Radio,JK,1,1,13.5,30.4,1.5,2.2,12.2,9,9.8,3,1,3,2,0,0,5,0,0,0,20,1,1,15,110,110,0,Head,3,5,
3,41040,10/14/2015,6:19,0,GPS and Radio,Jk,2,1,11.3,26.8,0.6,1.3,10.5,5,0,3,0,0,1,0,0,7,2,0,0,27,1,1,16,110,110,0,Head,8,5,
5,41040,10/28/2015,9:45,0,GPS and Radio,Jk,3,2,22.9,31.1,0.4,0.6,32.3,34,2,7,5,2,1,2,1,6,1,0,0,26,1,2,22,110,110,0,Body,5,5,
1,41114,9/30/2015,8:55,0,GPS and Radio,JK&DS,1,1,19.5,30.3,0.4,0.6,17.5,22,10,6,0,0,0,3,3,8,0,0,0,67,1,0.5,40,110,110,0,Head,6,5,
3,41114,10/15/2015,7:16,0,GPS and Radio,Jk,2,1,22.4,37,1.1,2.8,26.5,22,6,10,0,0,0,4,6,14,0,0,0,300,0,0,300,40,40,0,Head,5,5,
5,41114,10/29/2015,9:06,0,GPS and Radio,Jk,3,2,29.8,29.8,1.1,2.2,25.6,32,10,7,0,0,0,4,3,11,0,0,0,48,1,1,24,110,110,0,Head,6,5,
2,41124,10/5/2015,7:51,0,GPS and Radio,JK,1,1,27.7,27.7,0.3,0.6,25.5,22,3,6,0,2,2,3,1,14,0,0,0,103.6,1,0.75,35.2,110,110,0,Head,4,5,
4,41124,10/20/2015,9:37,0,GPS and Radio,Jk,2,1,36.6,36.6,0.7,0.8,33.9,33,9.8,4,0,0,2,2,0,7,0,0,0,15,1,2,10,110,110,0,Head,9,4,
6,41124,11/3/2015,10:10,0,GPS and Radio,DS,3,1,25.9,27,1.1,2.1,24.8,23,8,6,0,0,1,3,2,2,0,0,0,20,1,3.5,17,110,110,0,Head,4,5,
1,41127,9/25/2015,12:12,1,GPS and Radio,JK&DS,1,2,27.1,27.1,1.4,2.6,25.5,22,5,3,0,1,2,0,0,8,0,0,0,27,1,3,21,110,110,0,Head,1,9,
2,41127,10/5/2015,11:23,0,GPS and Radio,JK,2,2,36.5,36.5,1.1,2.1,40.3,35,3,3,0,3,2,0,0,0,0,0,0,23,1,5,22,110,110,0,Tail,1,5,
4,41127,10/20/2015,8:21,0,GPS and Radio,Jk,3,2,26.9,26.9,1.3,1.7,28.3,24,8.9,3,0,1,3,2,0,1,0,0,0,14,1,2.5,10,110,110,0,Head,9,3,
1,41204,9/29/2015,8:32,0,GPS and Radio,JK&DS,1,1,16.3,32,0.7,1.1,16.2,16,2,2,0,2,2,0,0,6,0,0,0,25,1,4,16,110,110,0,Head,1,5,
3,41204,10/14/2015,9:15,0,GPS and Radio,Jk,2,2,27.1,27.1,0.6,0.5,26.6,27,0,1,0,0,1,0,0,6,0,0,0,39,1,0.75,8,110,110,0,Head,1,8,
1,41207,10/1/2015,8:26,0,GPS and Radio,JK&DS,1,1,19.6,26.9,1.1,1.7,20.9,21,0,3,1,0,2,0,0,3,0,0,3,29,1,2,22,110,110,0,Head,8,9,
3,41207,10/16/2015,7:01,0,GPS and Radio,Jk,2,1,23.6,30.4,0.3,0.6,23.4,19,3,2,0,1,2,0,0,1,0,0,1,24,1,1,10,110,110,0,Head,7,9,
1,41210,9/30/2015,9:37,0,GPS and Radio,JK&DS,1,2,20.1,32.1,0.3,0.4,22.7,30,4,5,5,0,0,2,0,59,0,0,5,152,1,0.25,58,110,110,0,Tail,8,5,
3,41210,10/15/2015,6:01,0,GPS and Radio,Jk,2,2,21.2,29.4,0.6,1.7,21.5,17,5,7,3,0,1,0,1,50,0,0,1,300,0,0,268,90,90,0,Tail,7,11,
5,41210,10/29/2015,8:03,0,GPS and Radio,Jk,3,2,18.4,33.4,0.5,0.9,24.2,22,2.6,4,0,0,1,0,0,28,2,1,0,99,1,0.5,9,110,110,0,Head,10,11,
1,41211,9/30/2015,9:04,0,GPS and Radio,JK&DS,1,2,18,27.8,0.9,1.9,18.3,25,0.5,3,0,0,0,1,2,3,0,0,0,39,1,1,24,110,110,0,Head,4,1,
3,41211,10/15/2015,7:47,0,GPS and Radio,Jk,2,1,26.2,26.2,0.8,2,27.9,23,8,5,0,0,4,0,1,10,0,0,0,110,1,0.5,23,110,110,0,Head,4,5,
5,41211,10/29/2015,7:51,0,GPS and Radio,Jk,3,1,20.8,29.5,0.6,0.8,23.6,20,2.6,6,0,0,2,0,4,10,0,0,0,113,1,0.5,36,110,110,0,Head,4,2,model lizard pushes lizard all the way back to the flee line
1,41212,9/29/2015,10:31,0,GPS and Radio,JK&DS,1,1,28.9,28.9,1.4,2,17.7,25,1.5,7,0,1,2,5,0,11,0,0,0,102,1,0.5,40,110,110,0,Head,3,5,
3,41212,10/14/2015,7:39,0,GPS and Radio,Jk,2,2,9.5,27.4,0.5,0.9,18.5,11,0,3,0,1,3,0,0,3,0,0,0,36,1,1.5,8,110,110,0,Head,3,1,
5,41212,10/28/2015,9:42,0,GPS and Radio,Jk,3,1,24,31.9,1.2,1.8,29.9,35,2.8,3,0,1,2,1,0,3,0,0,0,10,1,5,9,110,110,0,Head,3,2,
1,41214,9/28/2015,12:53,1,GPS and Radio,JK&DS,1,2,24.4,28.9,0.8,1.3,26.2,25,7.8,7,0,0,4,4,0,20,0,0,0,167,1,0.75,121,110,110,0,Head,4,5,
3,41214,10/13/2015,9:47,0,GPS and Radio,Jk,2,2,19.5,25,0.4,0.4,22,28,0,5,0,0,2,2,1,6,0,0,0,111,1,0.25,27,110,110,0,Head,5,5,
5,41214,10/27/2015,10:34,0,GPS and Radio,Jk,3,2,23.8,27.8,0.4,0.8,32.9,30,0,8,1,0,4,3,3,15,0,0,0,112,1,1,25,110,110,0,Head,4,5,strikes pushed lizard to flee line
1,41217,9/25/2015,12:45,1,GPS and Radio,JK&DS,1,1,23,26,1.4,3,24.7,26,2,3,0,0,0,0,3,24,0,0,0,51,1,1,24,110,110,0,Head,3,5,
2,41217,10/6/2015,6:27,0,GPS and Radio,JK,2,1,24.5,30.2,1.4,2.1,25.6,20,5,10,0,0,1,0,9,18,0,0,0,122,1,1,110.6,110,110,0,Head,5,5,
4,41217,10/21/2015,9:37,0,GPS and Radio,Jk,3,2,19,37,0.5,0.6,21.5,18,10,3,0,0,3,0,0,7,0,0,0,17,1,1.5,10,110,110,0,Head,4,5,
1,41221,9/30/2015,7:33,0,GPS and Radio,JK&DS,1,1,13.3,30.1,1.3,2,12.4,18,0,3,2,0,1,1,0,14,0,0,0,92,1,0.75,65,110,110,0,Head,4,5,
3,41221,10/15/2015,5:51,0,GPS and Radio,Jk,2,1,21.4,28.6,1.6,2.7,21.6,16,5,10,2,2,0,4,4,10,0,0,0,110,1,1,119,110,110,0,Head,5,3,
5,41221,10/29/2015,8:28,0,GPS and Radio,Jk,3,1,20.3,33.1,0.3,0.6,26,23,2,,,,,,,,,,0,300,0,0,300,-30,-20,0,,5,1,"lizard climbed behind rock and out the front of the test arena, should not use data here"
1,41222,9/25/2015,11:24,0,GPS and Radio,JK&DS,1,2,27.3,27.3,0.9,1.2,21,18,3,6,0,2,1,2,1,19,0,0,0,81,1,1,31,110,110,0,Head,3,3,
2,41222,10/6/2015,6:38,0,GPS and Radio,JK,2,2,24.2,29.2,1.5,3,26.8,21,5,2,0,1,2,0,0,0,0,0,0,31,1,1,17,110,110,0,Head,4,4,
4,41222,10/21/2015,10:06,0,GPS and Radio,Jk,3,2,20,31.4,2.4,4.7,19.8,18,10,10,0,0,0,6,4,13,0,0,0,56,1,1,47,110,110,0,Head,5,5,
1,41224,9/25/2015,11:58,0,No gear,JK&DS,1,1,31.4,31.4,1.1,2.9,19.6,21,5,5,1,0,4,0,0,0,4,2,0,300,1,1,23,50,50,0,Head,10,11,
2,41224,10/6/2015,7:45,0,GPS and Radio,JK,2,2,29.1,29.1,3.2,5.6,31.1,26,5,6,1,2,1,3,0,5,3,0,0,228,1,0.5,220.8,110,110,0,Head,7,5,
4,41224,10/21/2015,10:25,0,GPS and Radio,Jk,3,1,21.7,27.6,1.5,3.3,21.6,20,9.8,10,0,1,1,3,6,7,0,0,0,59,1,0.75,53,110,110,0,Head,5,2,
3,41227,10/14/2015,8:39,0,GPS and Radio,Jk,2,1,24,32.3,0.9,1.6,26.8,20,0,3,0,0,2,1,0,1,0,0,0,20,1,1.5,14,110,110,0,Head,2,5,
2,41240,10/7/2015,8:17,0,GPS and Radio,JK,1,1,13.8,27.2,1.1,1.9,12.6,10,9.7,3,0,0,3,1,0,0,0,0,0,14,1,5,12,110,110,0,Head,1,5,
3,41240,10/15/2015,7:25,0,GPS and Radio,Jk,2,2,20.7,29.7,2,4.4,26.4,21,6,2,0,0,1,0,1,0,0,0,0,10,1,5,9,110,110,0,Tail,2,2,
2,41241,10/7/2015,7:53,0,GPS and Radio,JK,1,2,14.1,29.6,3.3,5.3,12.6,8,9.8,1,0,0,1,0,0,0,0,0,0,33,1,0.5,7,110,110,0,Head,4,2,
4,41241,10/22/2015,7:45,0,GPS and Radio,Jk,2,1,13.3,25.2,2,3.2,14.8,11,7,2,0,0,1,1,0,3,0,0,0,32,1,0.75,8,110,110,0,Head,2,2,
6,41241,11/6/2015,6:50,0,GPS and Radio,DS,3,2,18.3,31,1.2,2.2,17.2,13,10,2,0,0,2,1,0,5,0,0,0,30,1,1,8,110,110,0,Head,2,5,
2,41242,10/5/2015,9:58,0,No gear,JK,1,1,34.9,34.9,0.5,0.7,41.2,44,2,2,0,0,2,0,0,15,0,0,0,30,1,1,14,110,110,0,Head,8,8,
4,41242,10/21/2015,11:05,0,GPS and Radio,Jk,2,2,25.4,30.6,1.6,2.8,24.3,22,9,2,0,1,1,0,1,14,0,0,0,31,1,0.75,13,110,110,0,Head,4,5,
6,41242,11/3/2015,10:39,0,GPS and Radio,DS,3,1,29.8,29.8,1.3,2.4,26.5,33,9,6,2,0,1,1,1,11,1,0,0,25,1,1,17,110,110,0,Head,6,5,
2,41247,10/6/2015,7:12,0,Radio,JK,1,2,21.7,29,2.1,4.1,29.4,24,6,1,0,1,1,0,0,0,0,0,0,21,1,2,9,110,110,0,Head,1,5,
6,41247,11/4/2015,7:29,0,GPS and Radio,DS,3,1,20.4,27.8,1.2,2.2,19.8,16,5.8,3,1,0,2,2,0,7,0,0,0,41,1,0.5,15,110,110,0,Head,4,5,
4,41270,10/21/2015,7:59,0,Radio,Jk,2,1,21.5,28.9,1.6,2.8,17.9,16,10,7,2,0,0,0,5,6,2,0,0,120,1,0.75,77,110,110,0,Head,8,11,
6,41270,11/4/2015,6:12,0,GPS and Radio,DS,3,1,19.2,32.4,0.5,0.8,20.3,16,10,10,2,0,1,0,6,3,2,0,0,300,0,0,300,60,60,0,Head,7,5,model lizard pushes lizard all the way back to the flee line
4,41271,10/21/2015,10:33,0,No gear,Jk,2,2,18,29.8,2.1,3.7,20.7,19,9.7,4,0,2,3,0,0,4,1,0,0,20,1,3.5,12,110,110,0,Head,6,5,
6,41271,11/4/2015,7:02,0,GPS and Radio,DS,3,2,20.1,32.5,0.7,1.1,20.2,16,9,8,1,0,2,2,3,45,0,0,0,167,1,0.5,118,110,110,0,Head,5,9,model lizard pushes lizard all the way back to the flee line
1,42827,10/1/2015,7:49,0,GPS and Radio,JK&DS,1,2,16.7,31.5,0.9,1.3,17.6,11,0,3,0,0,2,1,0,44,0,0,0,70,1,0.75,25,110,110,0,Head,4,2,
4,42827,10/20/2015,8:14,0,GPS and Radio,Jk,2,1,28.4,28.4,0.8,0.9,27.9,25,9,3,0,0,3,0,0,13,0,0,0,39,1,0.5,11,110,110,0,Head,4,5,
6,42827,11/3/2015,8:12,0,GPS and Radio,DS,3,1,19,27.6,0.5,1.1,17.1,13,10,3,2,0,3,0,0,20,0,0,0,47,1,1,16,110,110,0,Head,4,2,
1,70007,9/30/2015,7:46,0,GPS and Radio,JK&DS,1,2,13.1,27.6,0.9,1.4,13.2,9,0,4,1,1,1,0,0,1,2,0,1,35,1,4,32,110,110,0,Head,9,9,
3,70007,10/15/2015,8:30,0,GPS and Radio,Jk,2,2,25,25,0.9,1.1,27,24,8.5,3,0,0,2,0,0,2,1,0,2,20,1,3,15,110,110,0,Head,7,5,
5,70007,10/29/2015,7:13,0,GPS and Radio,Jk,3,1,19.1,31,1.1,2.2,19.6,18,2,4,0,1,1,0,1,3,0,0,0,119,1,0.25,11,110,110,0,Head,6,9,
5,80509,10/27/2015,10:30,0,Radio,Jk,2,1,22,29.5,0.7,1.5,28.6,36,0,5,5,0,2,1,0,10,2,0,0,76,1,0.5,19,110,110,0,Head,8,5,
6,80509,11/6/2015,6:43,0,GPS and Radio,DS,3,1,18.6,32.6,1.5,2.8,16.8,13,10,4,2,0,2,0,1,9,1,0,0,107,1,0.2,15,110,110,0,Head,3,5,model lizard pushes lizard all the way back to the flee line
